{
  "scrapedAt": "2025-12-18T12:43:25.715Z",
  "profile": {
    "username": "mydentsdentalcare",
    "follower": 11700,
    "following": 4,
    "likes": 307200,
    "bio": "🦷 Lokasi Tangsel, Jaksel & Bekasi 🦷\nBUKA SETIAP HARI\nKonsul/RSVP via WA👇🏻",
    "bioLink": "linktr.ee/mydentsdentalcare",
    "videoCountLoaded": 15
  },
  "videos": [
    {
      "video_url": "https://www.tiktok.com/@mydentsdentalcare/video/7477879270786796808",
      "views": 0,
      "likes": 50200,
      "comments": 2108,
      "shares": 1252,
      "saved": 2679
    },
    {
      "video_url": "https://www.tiktok.com/@mydentsdentalcare/video/7445963658800254228",
      "views": 0,
      "likes": 21200,
      "comments": 610,
      "shares": 475,
      "saved": 1624
    },
    {
      "video_url": "https://www.tiktok.com/@mydentsdentalcare/video/7427453932697406725",
      "views": 0,
      "likes": 39900,
      "comments": 3807,
      "shares": 18100,
      "saved": 6828
    },
    {
      "video_url": "https://www.tiktok.com/@mydentsdentalcare/video/7585168161213926676",
      "views": 0,
      "likes": 2,
      "comments": 0,
      "shares": 1,
      "saved": 0
    },
    {
      "video_url": "https://www.tiktok.com/@mydentsdentalcare/video/7583934407572999444",
      "views": 0,
      "likes": 1700,
      "comments": 301,
      "shares": 171,
      "saved": 135
    },
    {
      "video_url": "https://www.tiktok.com/@mydentsdentalcare/video/7582228740994911508",
      "views": 0,
      "likes": 47,
      "comments": 10,
      "shares": 3,
      "saved": 12
    },
    {
      "video_url": "https://www.tiktok.com/@mydentsdentalcare/video/7579933135316552980",
      "views": 0,
      "likes": 26,
      "comments": 11,
      "shares": 2,
      "saved": 11
    },
    {
      "video_url": "https://www.tiktok.com/@mydentsdentalcare/video/7575467486469049620",
      "views": 0,
      "likes": 17,
      "comments": 5,
      "shares": 3,
      "saved": 4
    },
    {
      "video_url": "https://www.tiktok.com/@mydentsdentalcare/video/7574719114049031444",
      "views": 0,
      "likes": 38,
      "comments": 2,
      "shares": 4,
      "saved": 11
    },
    {
      "video_url": "https://www.tiktok.com/@mydentsdentalcare/video/7574047477393788181",
      "views": 0,
      "likes": 2427,
      "comments": 3,
      "shares": 7,
      "saved": 15
    },
    {
      "video_url": "https://www.tiktok.com/@mydentsdentalcare/video/7573655916256562453",
      "views": 0,
      "likes": 14,
      "comments": 4,
      "shares": 0,
      "saved": 2
    },
    {
      "video_url": "https://www.tiktok.com/@mydentsdentalcare/video/7572490089444429076",
      "views": 0,
      "likes": 16,
      "comments": 0,
      "shares": 2,
      "saved": 2
    },
    {
      "video_url": "https://www.tiktok.com/@mydentsdentalcare/video/7571835212548574485",
      "views": 0,
      "likes": 15,
      "comments": 1,
      "shares": 3,
      "saved": 5
    },
    {
      "video_url": "https://www.tiktok.com/@mydentsdentalcare/video/7571443290927549717",
      "views": 0,
      "likes": 161,
      "comments": 58,
      "shares": 211,
      "saved": 83
    },
    {
      "video_url": "https://www.tiktok.com/@mydentsdentalcare/video/7569534869861174549",
      "views": 0,
      "likes": 16,
      "comments": 13,
      "shares": 6,
      "saved": 3
    }
  ]
}