{
  "scrapedAt": "2025-12-18T12:44:53.099Z",
  "profile": {
    "username": "sozodental",
    "follower": 135400,
    "following": 22,
    "likes": 1400000,
    "bio": "Info lokasi & reservasi klik link ⬇️⬇️⬇️",
    "bioLink": "www.sozodental.com/wa-tiktok/",
    "videoCountLoaded": 15
  },
  "videos": [
    {
      "video_url": "https://www.tiktok.com/@sozodental/video/7584076338605214997",
      "views": 12900,
      "likes": 52,
      "comments": 8,
      "shares": 1,
      "saved": 5
    },
    {
      "video_url": "https://www.tiktok.com/@sozodental/video/7584801583523826965",
      "views": 2232,
      "likes": 33,
      "comments": 0,
      "shares": 0,
      "saved": 1
    },
    {
      "video_url": "https://www.tiktok.com/@sozodental/video/7584451694776388884",
      "views": 18300,
      "likes": 76,
      "comments": 7,
      "shares": 4,
      "saved": 5
    },
    {
      "video_url": "https://www.tiktok.com/@sozodental/video/7585152218387565844",
      "views": 343,
      "likes": 13,
      "comments": 0,
      "shares": 0,
      "saved": 0
    },
    {
      "video_url": "https://www.tiktok.com/@sozodental/video/7585121318291459349",
      "views": 485,
      "likes": 14,
      "comments": 0,
      "shares": 0,
      "saved": 0
    },
    {
      "video_url": "https://www.tiktok.com/@sozodental/video/7584827929301896469",
      "views": 1080,
      "likes": 12,
      "comments": 2,
      "shares": 0,
      "saved": 0
    },
    {
      "video_url": "https://www.tiktok.com/@sozodental/video/7584771126329429269",
      "views": 1050,
      "likes": 7,
      "comments": 3,
      "shares": 1,
      "saved": 1
    },
    {
      "video_url": "https://www.tiktok.com/@sozodental/video/7584409961963310356",
      "views": 1973,
      "likes": 14,
      "comments": 1,
      "shares": 2,
      "saved": 4
    },
    {
      "video_url": "https://www.tiktok.com/@sozodental/video/7584371459787590932",
      "views": 1715,
      "likes": 10,
      "comments": 9,
      "shares": 0,
      "saved": 0
    },
    {
      "video_url": "https://www.tiktok.com/@sozodental/video/7584025199671004436",
      "views": 5313,
      "likes": 13,
      "comments": 1,
      "shares": 1,
      "saved": 1
    },
    {
      "video_url": "https://www.tiktok.com/@sozodental/video/7584008959841799445",
      "views": 210300,
      "likes": 635,
      "comments": 4,
      "shares": 58,
      "saved": 57
    },
    {
      "video_url": "https://www.tiktok.com/@sozodental/video/7583707383973580053",
      "views": 27800,
      "likes": 0,
      "comments": 0,
      "shares": 0,
      "saved": 0
    },
    {
      "video_url": "https://www.tiktok.com/@sozodental/video/7583671850639674645",
      "views": 19100,
      "likes": 141,
      "comments": 1,
      "shares": 10,
      "saved": 11
    },
    {
      "video_url": "https://www.tiktok.com/@sozodental/video/7583622586332974356",
      "views": 2937,
      "likes": 18,
      "comments": 0,
      "shares": 2,
      "saved": 3
    },
    {
      "video_url": "https://www.tiktok.com/@sozodental/photo/7583342774955592981",
      "views": 11600,
      "likes": 178,
      "comments": 2,
      "shares": 3,
      "saved": 58
    }
  ]
}